gene,codon,amino_acid,amino_acid_degeneracy,wi_mean,wi_sd,mean_RSCU,RSCU_sd,Coefficient of Variation_wi_%,Coefficient of Variation_RSCU_%
gtsD,GTC,V,four-fold,0.675860565,0.117174627,1.403,4.84E-07,0.173371007,3.45E-07
gtsD,CCG,P,four-fold,0.999263457,0.016913017,2.704,7.75E-07,0.016925483,2.87E-07
gtsB,GTC,V,four-fold,0.683902093,0.112195283,0.985,2.55E-07,0.164051674,2.59E-07
gtsD,ACC,T,four-fold,1,0,2.913,7.33E-07,0,2.52E-07
gtsD,GGT,G,four-fold,0.334283986,0.07982409,0.859,1.88E-07,0.238791247,2.19E-07
gtsD,GGG,G,four-fold,0.221308628,0.036508208,0.448,8.55E-08,0.164965136,1.91E-07
gtsB,GTT,V,four-fold,0.193527054,0.077548513,0.332,5.56E-08,0.400711484,1.67E-07
gtsB,ACG,T,four-fold,0.325605214,0.070581438,0.756,1.24E-07,0.216769987,1.64E-07
gtsD,CCT,P,four-fold,0.204067669,0.079830524,0.288,4.18E-08,0.391196334,1.45E-07
gtsB,GTA,V,four-fold,0.160663462,0.037067752,0.208,2.61E-08,0.230716751,1.25E-07
gtsB,CCC,P,four-fold,0.476253855,0.107875421,1.001,1.17E-07,0.226508237,1.17E-07
gtsB,GCA,A,four-fold,0.212004902,0.073510067,0.313,3.48E-08,0.346737582,1.11E-07
gtsD,CCA,P,four-fold,0.210247312,0.109357438,0.27,2.68E-08,0.520137152,9.93E-08
gtsD,GCA,A,four-fold,0.207014706,0.078634628,0.337,3.14E-08,0.379850444,9.32E-08
gtsD,ACT,T,four-fold,0.138066667,0.046673586,0.226,1.90E-08,0.338051081,8.41E-08
gtsB,CCT,P,four-fold,0.202337748,0.075334857,0.359,2.87E-08,0.372322306,7.99E-08
gtsD,GTA,V,four-fold,0.155046322,0.037431037,0.217,1.46E-08,0.241418413,6.73E-08
gtsB,ACT,T,four-fold,0.148785,0.074474229,0.281,1.27E-08,0.500549309,4.52E-08
gtsB,ACA,T,four-fold,0.10825,0.062511641,0.135,5.72E-09,0.577474744,4.24E-08
gtsD,ACA,T,four-fold,0.104593985,0.060469882,0.097,3.43E-09,0.578139192,3.54E-08
gtsB,ACC,T,four-fold,1,0,2.828,0,0,0.00E+00
gtsD,ACG,T,four-fold,0.32946,0.07548087,0.764,0,0.229104808,0.00E+00
gtsB,CCA,P,four-fold,0.206541985,0.080078435,0.311,0,0.387710203,0.00E+00
gtsD,CCC,P,four-fold,0.47750496,0.0916018,0.738,0,0.191834238,0.00E+00
gtsB,CCG,P,four-fold,0.998611423,0.023205668,2.329,0,0.023237936,0.00E+00
gtsB,GCC,A,four-fold,0.999412819,0.012902405,1.483,0,0.012909985,0.00E+00
gtsD,GCC,A,four-fold,0.999778988,0.007920527,1.92,0,0.007922278,0.00E+00
gtsD,GCG,A,four-fold,0.602875795,0.115671558,1.489,0,0.191866316,0.00E+00
gtsB,GCG,A,four-fold,0.605798482,0.110951021,1.952,0,0.183148397,0.00E+00
gtsB,GCT,A,four-fold,0.19160404,0.066081296,0.253,0,0.344884669,0.00E+00
gtsD,GCT,A,four-fold,0.183088353,0.057084429,0.254,0,0.311786239,0.00E+00
gtsB,GGA,G,four-fold,0.094068182,0.067977903,0.028,0,0.722645017,0.00E+00
gtsD,GGA,G,four-fold,0.075875912,0.029440979,0.064,0,0.388014829,0.00E+00
gtsD,GGC,G,four-fold,0.99996313,0.001015475,2.629,0,0.001015512,0.00E+00
gtsB,GGC,G,four-fold,0.999968146,0.000943987,2.833,0,0.000944017,0.00E+00
gtsB,GGG,G,four-fold,0.218255765,0.040660844,0.307,0,0.186299061,0.00E+00
gtsB,GGT,G,four-fold,0.332769767,0.08142672,0.831,0,0.244693864,0.00E+00
gtsB,GTG,V,four-fold,1,0,2.475,0,0,0.00E+00
gtsD,GTG,V,four-fold,1,0,2.165,0,0,0.00E+00
gtsD,GTT,V,four-fold,0.203236915,0.073321618,0.215,0,0.360769194,0.00E+00
